FBgn0267431,ACTTATTGTTTATAATTATAATCATTACAATTATATTAAACAATAAATTATAATAATAATTATTAATATATTATTAATTATATGTTAATTCTAATTATAAATAAGTTAAAAATAAAAATGCAATTAGTGAAAGAAAGAGGTATAACAAGAGCTTAAAATTTTACCTTTCTCTTTTCAGATTTTATGCTTTGGTGCTCTTCTCTTAAAATTTGTGTTTTGGAGAGACTCGTTCTCATCTCTCGTTGAGCGACGCGAGCGAGAGAGGCAAACTATTTAAGCCACATCGCAAGGCAACTCGTGTTCAATCTTTGTTTTCGTAGCGCGGCGGTCGCATCGGAGTCGAGAACTCGAAGTGAAGGTGCACGAAGAATTCGATAAATACAATTAAATAGTTTTGAATATATTGCGGTGATTTTTGGATTTGCATACCGGTTTTCGAGAAGCGAATTCGTAAAAACATGTTATGTTTAAATATCGAGAAGTGTCCCAAAGTGCGAAACAAACCGATTTAACAACAAATGCCCAAAGCGAATCACAAACGTGAGAGAAACAATAAATATATAAAGTGAATTATTATAGCATAAAATGAATTATTCTCTT,15,3,7
FBgn0267430,TGGTATAAGTAGAGTATATGCATTAAATAATTTATGTAGTGATTGGGCTTAAGACGCGTTATTATTAACACTCAAGACCCCTTTTTGTAAAAGGCATATGTTTTTCATTGAATTTAAATTCTTTATCTACTTTATTCCCAAGACAAGATCCACGAACAGGGCACCCAGTCCTCAATCAGATTCACACAATGCATTGGTTTTATTTATTTATTAGTTCTTCACTGCAGTTTTTCGCTTATGCTTACGTTATTTTTAATTTCCCTTTTTTTCGGGCTTGCTCATAGTTTCATATTTATTAATCCCCTTGGCTGAAATCTGTTTGCATGAAAACGAAGTATGCTTTCTAGGTTTTATGCATTTGCTTAACATAAATAGGTGTCATGCAGTTTTATGTACAAATACGATGGCAAATATTTTGGAGCCCGTCGATCGGTTTCGGTCGGTCTAATATTAGGATTTTTTAGGTTCGAATATAATTCAGTTACGTATATGCGGGTTCTTGAACTATCGCAATCTCCGAATATTTTCGGCTGAGTGAGTAAACTTGGTTGGTTAGTAAATAGTATCGCCTTGATTCTACGTATATATGTTCTTTAGACA,20,15,38
FBgn0086917,AGCTCTATTAATTTGTCTGAAAGTGATATACGATGCTCATTAACTGAGCAACAAATCTTTTCCAATTTTCGAAAGTTCACCAAGCCTGGTTTTCCAACGCGCATTGTCATTAATTTAAATGAATGCAATTAATACAATGGTTGGGGGAAATAACCGAAATTGCAATAGTGCCATGCCATTCTATCAATCATTTATAAAGATCACACTTTATGCCCCATAAAATTACCTACCAATTGACCATTGCAGAGAAGCGCAGTTATAGCTCTTTGGCATTAAGTAAAGTCCAGAAAAACACAGTTACATAATAATTTATTTATTCTTAAGACATATGCCGAAACAAGACTATTAATTCTAGTTTTAATTTATTTAAGCGCTGTATTACAATATCCGTGTAAAAATACTGTAACAAAAATCAGGAAACGCAATAAAAGGAAACAAAGATCGAAATGAAATAATTCAGAAAGTTCTGTTCTGTATCAGATTTTTATATTTTGTCTGAGGAAGTGGCGATTACGAGCTGATCCCCTACGAGTAAGTGCAGTACATACGTATTTTGCTTTACGTTTTGTACGAGTACGAGTATCTGGATGTCTATGAATA,2,0,0
FBgn0010247,TTAAATTAAAAAATTACCAATCCTTTTATGGCTTTATAATATTAATATAAACATTAAAGATTCGAAAATTGTAAACTTGTTGACAAACTTTTGTTTATAGCCGTAAAATCAATATTATATAAAATTAATTACAGATTAATTTTTTGTTGCTTTTCTATAAAAGGGTAATCTGAAAAGGGAAAAAAGCATTGTCTTTGTTATTTCGCCCTAGAAAGGCGAAATAACAAATAATAATACATTGGTATTTAATACGAATATAAGTTTATAGGTTTCAAAATATAAATACCCAACGCCCAATTCATCCCGTTAGAACATGGTAGTTTGAATTCTTTAAATATCGTTTTATTTCTCATTGAAGTACTTTGTTTTTGATCCGTTTTCGTTTTAGATATTATTCTTTAGCGCTTATCAGGCGCTTGGTGTATTATAGAAGTTACAGAAATATATTTGTGTATATGCTGGCAACTTTTCGCTTTCGCCTCGCCAGCTGTGTTGGCCCATTTTTGTTTCTTTTTTGACATTTTTTTCGATTCCGGGCCAAGGAAGAGGACTTTTCGGGTTGTAGGGAAAGGCATAAGTTTATTGTATGCACATCAATAT,1092,1253,1495
FBgn0086378,CCTCCAGGCGGCTCGAGCGTTATTAATCATTCCCTTAAGGTCAACAAGGAATACAACGAGGACGGTCACCACCAATCTTCAACGTAGTCGCAGTCGAGATACAATGTTACATGAAACTTTAAACGTCGGATTGGGCCTCAAGTTTCAAGTCGGCCTTCAATACAATGTAGCAAAGTCGAATTAAAGATTTAAACAGTACTTGGAATTTTCACAATTTTCACAGTCTTTGATTAAATAAAAGAAAGAAATGTTCTCTTACCATTGTAAATAAAGACATTACTGAAAAGGTAAAACGAGATATTTTAGTATCACATATATTTCATAATATAAAAGGTACTTGAATATGTTTTATACACAAATGTACAAAATCATGTATGTACATATTAGGCAGTCTACTTTTCCACTATTGTGCTGTGGTTATACAAGTGCACGTGGTAGACGTAGCTGTTCATGCATTTCTGGATACTGAGCACTAGTGGGTCAAAGGGATGCCAAATAAAGGCGCACAATTCCCGTGGCGCCAAAGGATTTAAATGCCGGCGGGCCGTAGCGTGCAGTCTAAACTTGATTGAATCCGTGGCACGGTCAAGAAACACAATA,67,92,123
FBgn0263977,CGACAGGGCCAGGTTTTCGTTTGGGGACGACAGGCAGCTGAAAATGAGCAAAAACACTCAGAAACTCTTCCCACTCGACAACGGGAACACTCAGGTCACCAACAGCTGCGTTTTACAGAGAGAACGAGAGATAATATTACTACCTCTCTATTAAAATCAGAGAAAACACTCATCTCAAGAGACGATCCTTCAGTGATGATGCTGTTGCACCTTTTCCAGGGGCAGGTAGGTAGTCACGCAGGTGGGATCCCTAGGCCCTGATACCTATAAATAGCCTGAACGGAACGGGGAAGGGCATCAGAACAGAGCCAGCGCTGAAGCAAGGAGCATCGTCACACAATAACGTTATACTATCTCTTAAAATGGCTTTGGGCAGCGAAAATCACTCTGTTTTCAACGACGACGAGGAGTCATCTTCGGCCTTTAATGGACCCTCTGTTATCCGGAGAAATGCCCGGGAACGCAACCGCGTAAAGCAGGTCAACAATGGCTTCAGCCAACTACGACAACATATCCCTGCGGCCGTAATAGCCGATTTAAGCAATGGTCGCCGGGGAATTGGTCCCGGCGCCAATAAAAAACTGAGCAAAGTTAGCACAC,93,100,120
FBgn0069923,TGGCTCATCGATTCGATTCGAGTTCGAGTTCGAGTTGGCTCGACATCTCGACTTCTCTAATTCTCATCTTGGTTGGTTTATCGAGTCGCAGCACGGCATACAGCGAAATTTAAATTATTCATATGTCAGGTTGAAGGCTGCTTTTGCTGCCGCTGCTGCCTTTCGCGTGTAAAAAGCTATTTGATCGCAAGATTAACTCCGCTCGGCGATTGTCCGCGGATCAATTAAAACTAAGTAATGGCGTCTGTGAAACCAGCTAGAAACGGAAATACACAAAACTTCGCAAATAGACAGCGTTTGCATCAATCAAGTGGAACAATTTTATTTGTTTTTCTGGTGAATAAGTTAAGCGGGGGAAGTACGAGTTTTAAAGCGTGTGAGGGTGTCCAACACTTTTCCTCTTTCAACATCTTACAAAACTATTCAGTTTAAAAGTGCCTTTCGAAGCCCTGGATTCCTAAATTCGTCTTATTCTACATATTCTGTCTTCTTTATAGTCTCTCGTTATCAAATTTTTATCACTGGTTTCCGTTTCTTAGCCTAACTATCCTTCAATCAGACTTTCCGTTGCTTTCCGAGGAAGTAAAATACAATACAATG,34,42,70
FBgn0039955,GATAGGCATAAGGACCAGTTTGTGAGCATTTGGAGCAGGACAAATGCCCAAACGGATTTAACTCAATAAATTTATTGGATACACGCACTTTGTTTACTTGCAGCTATTAATCTGTGGACGAAAGAGTCTACTTTTTGCCAATCAAAAGTTCGATAGGCTAGTTTTTCTGTTCAAACGGCTGACATTTACTGGAATAATCGATTTTCCTTATCGAGCAAAGAGCACAGTTGTTTCGATAGAGAGTCCTGTTTCCCAAGAAGAGCTTTCAACCCATTTAGAACTCAGAATTGTTTTTCTTATAATTTTTGTTTGCTTTTCGCTGCATTTTTATTATTTACTTATTTATCTCCGCCAGCACTCGAGCGCTGCAATCAATTGATTTTCATGCTACAGTATTTCTTGTGTCTAGAAACTACTAAAATTAAATTTAAATGTAGTTATGAGCTTGGGCATGTTCCGTTATCAATGGTATGTATTATAATTTTTTATAAACATTATTATGCGCATTTTGTTTTGGTTTGATGAAAAAAATTTTACGTTTTTTAATTGGTTTACATTGTTTATGCACTAATTTGTCGGCAAAATGTTGGGGTTTTCTCG,554,641,947
FBgn0259821,TAGGTATGCCTGCCACAAGCTATAGACTACCAACTAACCCACAAAGTGTACCTTGTAAACAACAATTGTTTAAGCTCTTTAACTTCCTAGCCCAAAAACATTCGTTCTATGTTGTTGTTTCTTCCGGGATCTTTATCAAACGTACACAGAAAAGCAATTCATTACTTTATCTTGATTTAAATTGACTAAACCATAAAGTTTTGCCGATTTTGTTAAGAGTTTCTCCAAAAATATCTTTGGACAACAAGCCCTTTATCTTTACTAGGCACCAGAAAAATTCAAACATCATACAAGTCTTTGATTTGAGCGATTTTAATACAATAAATTTATCATTCATGATAATTTCATAAAAATGTATATGTGTATAAATATGTTATGTATAATATGTATGCAACTTCAAGATCGCTATTCACAGTCTTTGTATTCCATATCTTTCACTGAATAACAACAAAACCAGTTATTACTCCATTTAAATGCTATCGAGCTTGTGTTTTTCAATTTCAAATGCACAAACTTAAACTAACAAAACTAATCAATACAAACTGACTTTGTGTGAAATGCACGGCTTAACTAAGTAGTAACCACGAATAACAACAACTG,36,29,55
FBgn0058198,ATGATCGAATCTACCGTCGATCCAAGCGGAGCTCACGGGATTGCCATGAAATCTATCCAGGATGTCAGTTTTCACTACTGGCTTTGGCATTGGGCAAATATATGGCGGCCACAACCACGAAGTTTAGTTCATTTAACTATATGTGAAAGAAAAAATGATTTAATTGAAAAAAAAGAAAATAAAAAGGATTAACAATAATTAAACAGTTGTGGAATTTATTTACTATTTATTTTCGTATTTACTAAATCCCTTTACTCATTGATCCATTTCGAAATAAAAGACGGGCTGGTTTTTTTTTTAAAACAAATTATTTTCATTCTTCTTTATTTAATAACGCGTAACATTTATTTATATAGTAATTGTTTTCTTTTAATGTGTTGTCGTTTTTTAATTGTTTTCAATTTTAGTGTTGTTTTTTTTTCGCAATTGTTGCTATTATTTCAATTTGTTTTTGCGTTAGCTTAAGTTCGTTAATTAGTGTCTTACATTTAGGTTGTTAATGCATTTCCTTTTTATACTGTTGTTTTAGTCAACATATTTATGCTTCTATCGATTTCGTTTATTTTGTTAAATACCTTCGATTTGTTTGTGTATGATCTG,0,1,0
FBgn0037213,TTTGGAGAGCGATGACGGTCCGGAGATGCCGCTAAACGAGACGGTTCGCCAGCCACCGAAGAGGATTCAGCAACTGATGCAGGAGGCGGCCAGCTCGGAGCCACTCACCTTGGAGGAGCTGGAGGAGAAGCAGCTAAAGGCCGAGCAGAGGCGCCAGGAGCTCATGCAGCAGAAACTGGAGATCATACAAAAGAATGCCCAGATGCTCATGAAGCCTCATGAGGAAACCGTTGGCGAAGGCGAAGGAGACCGGAACGAAGGCAAGGAGGAACTACCCGAAAAGGTCTAGCTATGTACTTCTTTTTCATTCACATTTTTATTGTTAGCTTTAAATTATATATGTATTACTATATATCGTAGTATATTTCCAAACAATTAGATTGTATGCAATTAAATCTGCTCTCATCGTCAAAATGCTGTCCATCTGTTCTTGGTTGCAATCCTATATGTCGAACCTTTCTCTTGGTAGTCAAAACGTGATCTATTTGTAATCGAGTGTTAAATATGTACGTCTAAAGGCTAAATGTAGGTATTTCGGATTGGTTTGCTCGACTCGCGTTGACTGGGGTCGGATATATATTGTTTGCAGTACTATATGCT,23,22,26